task_id,Base,V1,E4,V2
adversarial_ambiguous_city,PASS,PASS,PASS,PASS
adversarial_chained_search_calc,PASS,PASS,fail,PASS
adversarial_decimal_division,PASS,PASS,PASS,PASS
adversarial_division_by_zero,fail,fail,fail,PASS
adversarial_false_premise,PASS,fail,PASS,PASS
adversarial_negative_multiply,PASS,PASS,PASS,PASS
adversarial_percentage,PASS,PASS,PASS,PASS
calc_basic_1,PASS,PASS,PASS,PASS
calc_basic_2,PASS,PASS,PASS,PASS
calc_order_of_ops,PASS,PASS,PASS,PASS
chain_weather_then_calc,PASS,fail,fail,PASS
multi_search_weather,PASS,PASS,fail,PASS
multi_three_tools,PASS,fail,PASS,PASS
multi_weather_calc,PASS,PASS,PASS,PASS
multi_wordcount_calc,PASS,fail,fail,PASS
no_tool_needed_1,PASS,PASS,PASS,PASS
no_tool_needed_2,PASS,PASS,PASS,PASS
search_basic_1,PASS,PASS,PASS,PASS
search_basic_2,PASS,PASS,PASS,PASS
time_sensitive_1,PASS,PASS,PASS,PASS
weather_basic_1,PASS,PASS,PASS,PASS
weather_basic_2,PASS,PASS,PASS,PASS
wordcount_basic,PASS,PASS,PASS,PASS
